Workbook

Sheet Sintesi
A1: Collezione 'Campioni 2027' – Analisi tecnica e dei costi
A2: Caso di studio di Matteo · Settembre 2026 · Prezzi di mercato 2025-2026 con fonti nel foglio Ipotesi
A4: Indicatore | B4: Valore | C4: Riferimento
A5: Costo pieno album (100.000 pz) | B5: =Scheda_Costi!B39 -> 0.6518758 | C5: Scheda_Costi
A6: Costo pieno bustina (1.000.000 pz) | B6: =Scheda_Costi!C39 -> 0.040747791 | C6: Scheda_Costi
A7: Incidenza costo pieno su ricavo netto bustina | B7: =Scheda_Costi!C42 -> 0.062688909 | C7: Scheda_Costi
A8: Quota carta sul costo variabile album | B8: =Scheda_Costi!E17/Scheda_Costi!E16 -> 0.62868823 | C8: Scheda_Costi
A9: Tiratura di pareggio make-or-buy figurine | B9: =Make_or_Buy!B9 -> 12741.115 | C9: Make_or_Buy
A10: Fornitore espositori consigliato | B10: {=INDEX(Fornitori!A12:A14,MATCH(1,Fornitori!M12:M14,0))} -> Fornitore Alfa – Emilia | C10: Fornitori
A11: Δ costo bustina con figurina olografica | B11: =Nuovo_Prodotto!D5 -> 0.000525 | C11: Nuovo_Prodotto
A12: Δ costo bustina plastic-free | B12: =Nuovo_Prodotto!D12 -> 0.0017175607 | C12: Nuovo_Prodotto
A15: Struttura del file
A16: Ipotesi | B16: Prezzi di mercato con fonte e stime dichiarate
A17: Distinta_Tecnica | B17: Elementi costruttivi, materiali, stampa, cartotecnica, imposizione
A18: Scheda_Costi | B18: Costo variabile, costi fissi di lavoro e costo pieno
A19: Preventivatore | B19: Offerta per tiratura e curva delle economie di scala
A20: Sensitivita | B20: Effetto combinato prezzo carta × tiratura
A21: Fornitori | B21: Listino a scaglioni e scoring pesato
A22: Make_or_Buy | B22: Produzione interna vs esterna
A23: Nuovo_Prodotto | B23: Figurina olografica e bustina plastic-free
A25: Legenda: testo blu su fondo giallo = input modificabile · nero = formula · fondo azzurro = totali.

Sheet Ipotesi
A1: Ipotesi e prezzi di mercato
A2: Celle blu su fondo giallo = input modificabili. Fonti indicate per ogni valore; 'Stima' = ipotesi dichiarata dell'autore. Aggiornato: settembre 2026.
A4: Parametro | B4: Valore | C4: Unità | D4: Tipo | E4: Fonte / nota
A5: Carta patinata in fogli – prezzo medio UE 2025 | B5: 1031 | C5: €/t | D5: Mercato | E5: Pricepedia, 'Graphic Paper Prices: July 2025' (media 2025)
A6: Rincaro 2026 applicato | B6: 0.05 | C6: % | D6: Stima | E6: Aumenti annunciati 2026 da Sappi (+50/70 €/t, poi +65 €/t) e Arctic Paper; FreshPlaza apr-2026, Pulpapernews mag-2026
A7: Carta patinata 2026 (calcolata) | B7: =B5*(1+B6) -> 1082.55 | C7: €/t | D7: Calcolo | E7: Base 2025 × (1 + rincaro)
A8: Cartoncino GC1 per copertine | B8: =Ipotesi!$B$7*(1+Ipotesi!$B$9) -> 1407.315 | C8: €/t | D8: Stima | E8: Patinata × (1 + premio cartoncino); nessun listino pubblico gratuito
A9: Premio cartoncino vs patinata | B9: 0.3 | C9: % | D9: Stima | E9: Differenziale tipico FBB/patinata; da verificare con fornitori
A10: Carta autoadesiva patinata (facestock+adesivo+liner) | B10: 0.55 | C10: €/m² | D10: Stima | E10: Ordine di grandezza per etichettifici; da validare
A11: Film BOPP – Germania Q2 2026 | B11: 2653 | C11: USD/t | D11: Mercato | E11: ChemAnalyst, BOPP Film Prices Q2 2026
A12: Cambio USD per 1 EUR | B12: 1.16 | C12: USD/€ | D12: Stima | E12: Cambio medio ipotizzato
A13: Film BOPP (calcolato) | B13: =B11/B12 -> 2287.069 | C13: €/t | D13: Calcolo | E13: USD/t ÷ cambio
A14: Energia elettrica imprese | B14: 0.265 | C14: €/kWh | D14: Mercato | E14: ARERA via Energia B2B: 26,5 c€/kWh imprese italiane (2024)
A15: Costo pieno orario operatore | B15: 25 | C15: €/h | D15: Stima | E15: CCNL Grafici-Editoriali industria, livello B2: minimo 1.713,68 €/mese (lug-dic 2026, Lexplain) + contingenza, 14 mensilità, contributi e TFR ≈ +35%, 1.650 h/anno
A16: Costo orario macchina offset 70x100 (ammortamento + manutenzione) | B16: 60 | C16: €/h | D16: Stima | E16: Esclusi energia e personale
A17: Potenza media assorbita macchina offset | B17: 80 | C17: kW | D17: Stima | E17: Macchina 4 colori formato 70x100
A18: Velocità netta di stampa | B18: 9000 | C18: fogli/h | D18: Stima
A19: Inchiostro offset quadricromia | B19: 12 | C19: €/kg | D19: Stima
A20: Consumo inchiostro (4 colori) | B20: 1.6 | C20: g/m² per lato | D20: Stima
A21: Lastra CTP | B21: 12 | C21: €/lastra | D21: Stima
A22: Ore di avviamento per lavoro | B22: 3 | C22: h | D22: Stima | E22: Messa a registro, colore, prove
A23: Scarto di avviamento e tiratura | B23: 0.05 | C23: % | D23: Stima
A24: Costi generali (overhead) | B24: 0.15 | C24: % | D24: Stima | E24: Applicati al costo industriale
A25: Ricarico commerciale preventivi | B25: 0.25 | C25: % | D25: Stima
A26: Prezzo al pubblico bustina (6 figurine) | B26: 1 | C26: € | D26: Mercato | E26: Rivenditore online Muscara.com, bustina Calciatori 2025-26
A27: Quota distribuzione/edicola sul prezzo | B27: 0.35 | C27: % | D27: Stima | E27: Aggio + distribuzione

Sheet Distinta_Tecnica
A1: Distinta tecnica – Collezione 'Campioni 2027' (caso di studio)
A2: Collezione fittizia costruita per l'esercizio: album + bustine di figurine autoadesive + espositore da banco.
A4: Componente | B4: Elemento costruttivo | C4: Materiale | D4: Grammatura / spessore | E4: Formato | F4: Tecnica di stampa | G4: Lavorazioni cartotecniche | H4: Interno / esterno
A5: Album | B5: Copertina | C5: Cartoncino GC1 | D5: 300 g/m² | E5: 47 × 30 cm aperta (con dorso) | F5: Offset 4+0 | G5: Plastificazione lucida, cordonatura | H5: Interno
A6: Album | B6: Pagine interne (48 pp) | C6: Carta patinata opaca | D6: 115 g/m² | E6: 23 × 30 cm | F6: Offset 4+4 | G6: Piega in segnature, raccolta | H6: Interno
A7: Album | B7: Legatura | C7: Punti metallici | D7: — | E7: — | F7: — | G7: Cucitura a punto metallico, rifilo 3 lati | H7: Interno
A8: Figurina | B8: Supporto | C8: Carta autoadesiva patinata | D8: 80 g + liner | E8: 5 × 7 cm | F8: Offset 4+0 (+ retro 1 colore sul liner) | G8: Fustellatura a mezzo taglio, taglio in lotti da 6 | H8: Interno
A9: Figurina speciale | B9: Variante olografica (1 ogni 6 bustine) | C9: Film olografico laminato | D9: — | E9: 5 × 7 cm | F9: Offset UV 4+0 | G9: Laminazione a caldo | H9: Esterno
A10: Bustina | B10: Involucro | C10: Film BOPP | D10: 30 µm | E10: 7 × 9 cm (fronte+retro) | F10: Flessografia 4 colori | G10: Saldatura a flow-pack | H10: Esterno (film stampato)
A11: Espositore | B11: Box da banco 50 bustine | C11: Cartone microonda E | D11: ≈ 1,5 mm | E11: 15 × 12 × 8 cm | F11: Offset 4+0 su copertina accoppiata | G11: Accoppiatura, fustellatura, incollaggio | H11: Esterno
A14: Parametri di imposizione
A15: Parametro | B15: Valore | C15: Nota
A16: Formato foglio macchina (m²) | B16: 0.7 | C16: 70 × 100 cm
A17: Pagine interne per foglio (bianca+volta) | B17: 16 | C17: 8 pagine per lato
A18: Pagine interne album | B18: 48
A19: Copertine per foglio | B19: 4 | C19: Copertina aperta 47 × 30
A20: Figurine per foglio (con margini) | B20: 180 | C20: Teorico 200; 10% perso in margini e crocini
A21: Figurine per bustina | B21: 6
A22: Lastre per lavoro album | B22: 24 | C22: 3 segnature × 8 + copertina 4 (arrotondato)
A23: Lastre per lavoro figurine | B23: 8 | C23: Per ogni 'serie' da ristampare
A24: Area film per bustina (m²) | B24: 0.0126 | C24: 2 × 0,07 × 0,09
A25: Grammatura film BOPP 30 µm (g/m²) | B25: 27.3 | C25: Densità 0,91 g/cm³
A26: Bustine per espositore | B26: 50

Sheet Scheda_Costi
A1: Scheda costi di prodotto
A2: Costi variabili per unità + costi fissi di lavoro (avviamento). Tutte le celle sono formule collegate a Ipotesi e Distinta_Tecnica.
A4: Voce | B4: Quantità per unità | C4: Unità | D4: Prezzo unitario (€) | E4: Costo per unità (€) | F4: Logica di calcolo
A6: A. ALBUM (48 pagine + copertina)
A7: Fogli macchina interni | B7: =Distinta_Tecnica!$B$18/Distinta_Tecnica!$B$17*(1+Ipotesi!$B$23) -> 3.15 | C7: fogli | E7: =0 -> 0 | F7: pagine ÷ pagine per foglio × (1+scarto)
A8: Fogli macchina copertina | B8: =1/Distinta_Tecnica!$B$19*(1+Ipotesi!$B$23) -> 0.2625 | C8: fogli | E8: =0 -> 0 | F8: 1 ÷ copertine per foglio × (1+scarto)
A9: Carta patinata 115 g | B9: =B7*Distinta_Tecnica!$B$16*115/1000000 -> 0.000253575 | C9: t | D9: =Ipotesi!$B$7 -> 1082.55 | E9: =B9*D9 -> 0.27450762 | F9: fogli × m² × g/m² → tonnellate
A10: Cartoncino GC1 300 g | B10: =B8*Distinta_Tecnica!$B$16*300/1000000 -> 5.5125e-05 | C10: t | D10: =Ipotesi!$B$8 -> 1407.315 | E10: =B10*D10 -> 0.077578239
A11: Inchiostro | B11: =(B7*2+B8)*Distinta_Tecnica!$B$16*Ipotesi!$B$20/1000 -> 0.00735 | C11: kg | D11: =Ipotesi!$B$19 -> 12 | E11: =B11*D11 -> 0.0882 | F11: interni 2 lati, copertina 1 lato
A12: Tempo macchina (tiratura) | B12: =(B7+B8)/Ipotesi!$B$18 -> 0.00037916667 | C12: h | D12: =Ipotesi!$B$16+Ipotesi!$B$15*2 -> 110 | E12: =B12*D12 -> 0.041708333 | F12: macchina + 2 addetti
A13: Energia di stampa | B13: =B12*Ipotesi!$B$17 -> 0.030333333 | C13: kWh | D13: =Ipotesi!$B$14 -> 0.265 | E13: =B13*D13 -> 0.0080383333 | F13: ore × kW
A14: Plastificazione copertina | B14: 1 | C14: pz | D14: 0.03 | E14: =B14*D14 -> 0.03 | F14: Stima listino terzisti
A15: Legatoria punto metallico + rifilo | B15: 1 | C15: pz | D15: 0.04 | E15: =B15*D15 -> 0.04 | F15: Stima
A16: Costo variabile album | E16: =SUM(E9:E15) -> 0.56003252
A17: di cui carta e cartoncino | E17: =E9+E10 -> 0.35208586
A18: Costi fissi di lavoro album (avviamento + lastre) | E18: =Ipotesi!$B$22*(Ipotesi!$B$16+Ipotesi!$B$15*2+Ipotesi!$B$17*Ipotesi!$B$14)+Distinta_Tecnica!$B$22*Ipotesi!$B$21 -> 681.6 | F18: € per lavoro, indipendente dalla tiratura
A20: B. BUSTINA (6 figurine autoadesive)
A21: Fogli macchina figurine | B21: =Distinta_Tecnica!$B$21/Distinta_Tecnica!$B$20*(1+Ipotesi!$B$23) -> 0.035 | C21: fogli | E21: =0 -> 0
A22: Carta autoadesiva | B22: =B21*Distinta_Tecnica!$B$16 -> 0.0245 | C22: m² | D22: =Ipotesi!$B$10 -> 0.55 | E22: =B22*D22 -> 0.013475
A23: Inchiostro | B23: =B21*Distinta_Tecnica!$B$16*Ipotesi!$B$20*1.25/1000 -> 4.9e-05 | C23: kg | D23: =Ipotesi!$B$19 -> 12 | E23: =B23*D23 -> 0.000588 | F23: +25% per retro 1 colore
A24: Tempo macchina stampa | B24: =B21/Ipotesi!$B$18 -> 3.8888889e-06 | C24: h | D24: =Ipotesi!$B$16+Ipotesi!$B$15*2 -> 110 | E24: =B24*D24 -> 0.00042777778
A25: Energia di stampa | B25: =B24*Ipotesi!$B$17 -> 0.00031111111 | C25: kWh | D25: =Ipotesi!$B$14 -> 0.265 | E25: =B25*D25 -> 8.2444444e-05
A26: Fustellatura mezzo taglio e taglio | B26: 1 | C26: bustina | D26: 0.004 | E26: =B26*D26 -> 0.004 | F26: Stima
A27: Film BOPP | B27: =Distinta_Tecnica!$B$24*Distinta_Tecnica!$B$25/1000000 -> 3.4398e-07 | C27: t | D27: =Ipotesi!$B$13 -> 2287.069 | E27: =B27*D27 -> 0.00078670598 | F27: m² × g/m² → t
A28: Stampa flessografica film | B28: 1 | C28: bustina | D28: 0.004 | E28: =B28*D28 -> 0.004 | F28: Stima terzista
A29: Imbustamento flow-pack | B29: =1/12000 -> 8.3333333e-05 | C29: h | D29: =Ipotesi!$B$15+30 -> 55 | E29: =B29*D29 -> 0.0045833333 | F29: 12.000 bustine/h; macchina 30 €/h
A30: Espositore da banco (quota) | B30: =1/Distinta_Tecnica!$B$26 -> 0.02 | C30: espositore | D30: 0.35 | E30: =B30*D30 -> 0.007 | F30: Prezzo espositore stimato
A31: Costo variabile bustina | E31: =SUM(E22:E30) -> 0.034943262
A32: di cui carta autoadesiva | E32: =E22 -> 0.013475
A33: Costi fissi di lavoro bustine | E33: =Ipotesi!$B$22*(Ipotesi!$B$16+Ipotesi!$B$15*2+Ipotesi!$B$17*Ipotesi!$B$14)+Distinta_Tecnica!$B$23*Ipotesi!$B$21 -> 489.6
A35: C. Tiratura di riferimento e costo pieno
A36: Voce | B36: Album | C36: Bustina
A37: Tiratura di riferimento (pz) | B37: 100000 | C37: 1000000
A38: Costo industriale unitario | B38: =E16+E18/B37 -> 0.56684852 | C38: =E31+E33/C37 -> 0.035432862
A39: Costo pieno (con overhead) | B39: =B38*(1+Ipotesi!$B$24) -> 0.6518758 | C39: =C38*(1+Ipotesi!$B$24) -> 0.040747791
A40: Prezzo al pubblico | C40: =Ipotesi!$B$26 -> 1
A41: Ricavo netto editore stimato | C41: =C40*(1-Ipotesi!$B$27) -> 0.65
A42: Incidenza costo pieno sul ricavo netto | C42: =C39/C41 -> 0.062688909
A43: Nota | B43: Il margine residuo copre licenze, marketing, logistica e utile: voci escluse dal perimetro dell'analisi.

Sheet Preventivatore
A1: Preventivatore e curva di costo
A2: Inserisci tiratura e ricarico: il preventivo si aggiorna. Tabella sotto = economie di scala.
A4: Prodotto | B4: Bustina
A5: Tiratura richiesta (pz) | B5: 750000
A6: Ricarico commerciale | B6: =Ipotesi!$B$25 -> 0.25
A8: Costo variabile unitario | B8: =IF(B4="Album",Scheda_Costi!E16,Scheda_Costi!E31) -> 0.034943262
A9: Costi fissi di lavoro | B9: =IF(B4="Album",Scheda_Costi!E18,Scheda_Costi!E33) -> 489.6
A10: Costo pieno unitario | B10: =(B8+B9/B5)*(1+Ipotesi!$B$24) -> 0.040935471
A11: Prezzo unitario di offerta | B11: =B10*(1+B6) -> 0.051169338
A12: Valore totale preventivo | B12: =B11*B5 -> 38377.004
A13: Margine lordo del lavoro | B13: =(B11-B10)*B5 -> 7675.4008
A16: Tiratura | B16: Costo pieno album (€) | C16: Costo pieno bustina (€) | D16: Incidenza fissi bustina
A17: 25000 | B17: =(Scheda_Costi!$E$16+Scheda_Costi!$E$18/A17)*(1+Ipotesi!$B$24) -> 0.675391 | C17: =(Scheda_Costi!$E$31+Scheda_Costi!$E$33/A17)*(1+Ipotesi!$B$24) -> 0.062706351 | D17: =(Scheda_Costi!$E$33/A17)/(Scheda_Costi!$E$31+Scheda_Costi!$E$33/A17) -> 0.35915979
A18: 50000 | B18: =(Scheda_Costi!$E$16+Scheda_Costi!$E$18/A18)*(1+Ipotesi!$B$24) -> 0.6597142 | C18: =(Scheda_Costi!$E$31+Scheda_Costi!$E$33/A18)*(1+Ipotesi!$B$24) -> 0.051445551 | D18: =(Scheda_Costi!$E$33/A18)/(Scheda_Costi!$E$31+Scheda_Costi!$E$33/A18) -> 0.21888773
A19: 100000 | B19: =(Scheda_Costi!$E$16+Scheda_Costi!$E$18/A19)*(1+Ipotesi!$B$24) -> 0.6518758 | C19: =(Scheda_Costi!$E$31+Scheda_Costi!$E$33/A19)*(1+Ipotesi!$B$24) -> 0.045815151 | D19: =(Scheda_Costi!$E$33/A19)/(Scheda_Costi!$E$31+Scheda_Costi!$E$33/A19) -> 0.12289384
A20: 250000 | B20: =(Scheda_Costi!$E$16+Scheda_Costi!$E$18/A20)*(1+Ipotesi!$B$24) -> 0.64717276 | C20: =(Scheda_Costi!$E$31+Scheda_Costi!$E$33/A20)*(1+Ipotesi!$B$24) -> 0.042436911 | D20: =(Scheda_Costi!$E$33/A20)/(Scheda_Costi!$E$31+Scheda_Costi!$E$33/A20) -> 0.053070781
A21: 500000 | B21: =(Scheda_Costi!$E$16+Scheda_Costi!$E$18/A21)*(1+Ipotesi!$B$24) -> 0.64560508 | C21: =(Scheda_Costi!$E$31+Scheda_Costi!$E$33/A21)*(1+Ipotesi!$B$24) -> 0.041310831 | D21: =(Scheda_Costi!$E$33/A21)/(Scheda_Costi!$E$31+Scheda_Costi!$E$33/A21) -> 0.027258711
A22: 1000000 | B22: =(Scheda_Costi!$E$16+Scheda_Costi!$E$18/A22)*(1+Ipotesi!$B$24) -> 0.64482124 | C22: =(Scheda_Costi!$E$31+Scheda_Costi!$E$33/A22)*(1+Ipotesi!$B$24) -> 0.040747791 | D22: =(Scheda_Costi!$E$33/A22)/(Scheda_Costi!$E$31+Scheda_Costi!$E$33/A22) -> 0.013817682
A23: 2000000 | B23: =(Scheda_Costi!$E$16+Scheda_Costi!$E$18/A23)*(1+Ipotesi!$B$24) -> 0.64442932 | C23: =(Scheda_Costi!$E$31+Scheda_Costi!$E$33/A23)*(1+Ipotesi!$B$24) -> 0.040466271 | D23: =(Scheda_Costi!$E$33/A23)/(Scheda_Costi!$E$31+Scheda_Costi!$E$33/A23) -> 0.006956905
A24: 5000000 | B24: =(Scheda_Costi!$E$16+Scheda_Costi!$E$18/A24)*(1+Ipotesi!$B$24) -> 0.64419417 | C24: =(Scheda_Costi!$E$31+Scheda_Costi!$E$33/A24)*(1+Ipotesi!$B$24) -> 0.040297359 | D24: =(Scheda_Costi!$E$33/A24)/(Scheda_Costi!$E$31+Scheda_Costi!$E$33/A24) -> 0.0027944263

Sheet Sensitivita
A1: Analisi di sensitività – costo pieno album
A2: Righe: variazione prezzo carta/cartoncino. Colonne: tiratura. Valori in €/album.
A4: Δ prezzo carta \ Tiratura | B4: 25000 | C4: 50000 | D4: 100000 | E4: 250000 | F4: 500000
A5: -0.2 | B5: =(Scheda_Costi!$E$16+Scheda_Costi!$E$17*$A5+Scheda_Costi!$E$18/B$4)*(1+Ipotesi!$B$24) -> 0.59441125 | C5: =(Scheda_Costi!$E$16+Scheda_Costi!$E$17*$A5+Scheda_Costi!$E$18/C$4)*(1+Ipotesi!$B$24) -> 0.57873445 | D5: =(Scheda_Costi!$E$16+Scheda_Costi!$E$17*$A5+Scheda_Costi!$E$18/D$4)*(1+Ipotesi!$B$24) -> 0.57089605 | E5: =(Scheda_Costi!$E$16+Scheda_Costi!$E$17*$A5+Scheda_Costi!$E$18/E$4)*(1+Ipotesi!$B$24) -> 0.56619301 | F5: =(Scheda_Costi!$E$16+Scheda_Costi!$E$17*$A5+Scheda_Costi!$E$18/F$4)*(1+Ipotesi!$B$24) -> 0.56462533
A6: -0.1 | B6: =(Scheda_Costi!$E$16+Scheda_Costi!$E$17*$A6+Scheda_Costi!$E$18/B$4)*(1+Ipotesi!$B$24) -> 0.63490113 | C6: =(Scheda_Costi!$E$16+Scheda_Costi!$E$17*$A6+Scheda_Costi!$E$18/C$4)*(1+Ipotesi!$B$24) -> 0.61922433 | D6: =(Scheda_Costi!$E$16+Scheda_Costi!$E$17*$A6+Scheda_Costi!$E$18/D$4)*(1+Ipotesi!$B$24) -> 0.61138593 | E6: =(Scheda_Costi!$E$16+Scheda_Costi!$E$17*$A6+Scheda_Costi!$E$18/E$4)*(1+Ipotesi!$B$24) -> 0.60668289 | F6: =(Scheda_Costi!$E$16+Scheda_Costi!$E$17*$A6+Scheda_Costi!$E$18/F$4)*(1+Ipotesi!$B$24) -> 0.60511521
A7: 0 | B7: =(Scheda_Costi!$E$16+Scheda_Costi!$E$17*$A7+Scheda_Costi!$E$18/B$4)*(1+Ipotesi!$B$24) -> 0.675391 | C7: =(Scheda_Costi!$E$16+Scheda_Costi!$E$17*$A7+Scheda_Costi!$E$18/C$4)*(1+Ipotesi!$B$24) -> 0.6597142 | D7: =(Scheda_Costi!$E$16+Scheda_Costi!$E$17*$A7+Scheda_Costi!$E$18/D$4)*(1+Ipotesi!$B$24) -> 0.6518758 | E7: =(Scheda_Costi!$E$16+Scheda_Costi!$E$17*$A7+Scheda_Costi!$E$18/E$4)*(1+Ipotesi!$B$24) -> 0.64717276 | F7: =(Scheda_Costi!$E$16+Scheda_Costi!$E$17*$A7+Scheda_Costi!$E$18/F$4)*(1+Ipotesi!$B$24) -> 0.64560508
A8: 0.1 | B8: =(Scheda_Costi!$E$16+Scheda_Costi!$E$17*$A8+Scheda_Costi!$E$18/B$4)*(1+Ipotesi!$B$24) -> 0.71588087 | C8: =(Scheda_Costi!$E$16+Scheda_Costi!$E$17*$A8+Scheda_Costi!$E$18/C$4)*(1+Ipotesi!$B$24) -> 0.70020407 | D8: =(Scheda_Costi!$E$16+Scheda_Costi!$E$17*$A8+Scheda_Costi!$E$18/D$4)*(1+Ipotesi!$B$24) -> 0.69236567 | E8: =(Scheda_Costi!$E$16+Scheda_Costi!$E$17*$A8+Scheda_Costi!$E$18/E$4)*(1+Ipotesi!$B$24) -> 0.68766263 | F8: =(Scheda_Costi!$E$16+Scheda_Costi!$E$17*$A8+Scheda_Costi!$E$18/F$4)*(1+Ipotesi!$B$24) -> 0.68609495
A9: 0.2 | B9: =(Scheda_Costi!$E$16+Scheda_Costi!$E$17*$A9+Scheda_Costi!$E$18/B$4)*(1+Ipotesi!$B$24) -> 0.75637075 | C9: =(Scheda_Costi!$E$16+Scheda_Costi!$E$17*$A9+Scheda_Costi!$E$18/C$4)*(1+Ipotesi!$B$24) -> 0.74069395 | D9: =(Scheda_Costi!$E$16+Scheda_Costi!$E$17*$A9+Scheda_Costi!$E$18/D$4)*(1+Ipotesi!$B$24) -> 0.73285555 | E9: =(Scheda_Costi!$E$16+Scheda_Costi!$E$17*$A9+Scheda_Costi!$E$18/E$4)*(1+Ipotesi!$B$24) -> 0.72815251 | F9: =(Scheda_Costi!$E$16+Scheda_Costi!$E$17*$A9+Scheda_Costi!$E$18/F$4)*(1+Ipotesi!$B$24) -> 0.72658483
A10: 0.3 | B10: =(Scheda_Costi!$E$16+Scheda_Costi!$E$17*$A10+Scheda_Costi!$E$18/B$4)*(1+Ipotesi!$B$24) -> 0.79686062 | C10: =(Scheda_Costi!$E$16+Scheda_Costi!$E$17*$A10+Scheda_Costi!$E$18/C$4)*(1+Ipotesi!$B$24) -> 0.78118382 | D10: =(Scheda_Costi!$E$16+Scheda_Costi!$E$17*$A10+Scheda_Costi!$E$18/D$4)*(1+Ipotesi!$B$24) -> 0.77334542 | E10: =(Scheda_Costi!$E$16+Scheda_Costi!$E$17*$A10+Scheda_Costi!$E$18/E$4)*(1+Ipotesi!$B$24) -> 0.76864238 | F10: =(Scheda_Costi!$E$16+Scheda_Costi!$E$17*$A10+Scheda_Costi!$E$18/F$4)*(1+Ipotesi!$B$24) -> 0.7670747
A13: Lettura: a tirature basse pesa l'avviamento; a tirature alte il costo è guidato dalla carta, quindi la negoziazione sulle materie prime diventa la leva principale.

Sheet Fornitori
A1: Listino e valutazione fornitori esterni – espositore da banco
A2: Fornitori fittizi. Punteggio pesato: pesi modificabili (somma = 100%).
A4: Criterio | B4: Peso
A5: Prezzo | B5: 0.4
A6: Lead time | B6: 0.2
A7: Qualità (difettosità) | B7: 0.25
A8: Puntualità consegne | B8: 0.15
A9: Totale | B9: =SUM(B5:B8) -> 1
A11: Fornitore | B11: Prezzo 1–9.999 pz (€) | C11: Prezzo 10.000–49.999 (€) | D11: Prezzo ≥ 50.000 (€) | E11: Lead time (gg) | F11: Difettosità (ppm) | G11: Puntualità (%) | H11: Punteggio prezzo | I11: Punteggio lead time | J11: Punteggio qualità | K11: Punteggio puntualità | L11: Punteggio totale | M11: Classifica
A12: Fornitore Alfa – Emilia | B12: 0.42 | C12: 0.36 | D12: 0.33 | E12: 15 | F12: 800 | G12: 0.96 | H12: =MIN($D$12:$D$14)/D12*100 -> 75.757576 | I12: =MIN($E$12:$E$14)/E12*100 -> 100 | J12: =MIN($F$12:$F$14)/F12*100 -> 100 | K12: =G12/MAX($G$12:$G$14)*100 -> 100 | L12: =H12*$B$5+I12*$B$6+J12*$B$7+K12*$B$8 -> 90.30303 | M12: =RANK(L12,$L$12:$L$14) -> 1
A13: Fornitore Beta – Lombardia | B13: 0.39 | C13: 0.34 | D13: 0.31 | E13: 25 | F13: 1500 | G13: 0.9 | H13: =MIN($D$12:$D$14)/D13*100 -> 80.645161 | I13: =MIN($E$12:$E$14)/E13*100 -> 60 | J13: =MIN($F$12:$F$14)/F13*100 -> 53.333333 | K13: =G13/MAX($G$12:$G$14)*100 -> 93.75 | L13: =H13*$B$5+I13*$B$6+J13*$B$7+K13*$B$8 -> 71.653898 | M13: =RANK(L13,$L$12:$L$14) -> 2
A14: Fornitore Gamma – Est Europa | B14: 0.33 | C14: 0.28 | D14: 0.25 | E14: 35 | F14: 2500 | G14: 0.85 | H14: =MIN($D$12:$D$14)/D14*100 -> 100 | I14: =MIN($E$12:$E$14)/E14*100 -> 42.857143 | J14: =MIN($F$12:$F$14)/F14*100 -> 32 | K14: =G14/MAX($G$12:$G$14)*100 -> 88.541667 | L14: =H14*$B$5+I14*$B$6+J14*$B$7+K14*$B$8 -> 69.852679 | M14: =RANK(L14,$L$12:$L$14) -> 3
A16: Costo annuo per fascia
A17: Fabbisogno annuo espositori | B17: 60000
A18: Fornitore | B18: Costo annuo (€) | C18: Δ vs migliore (€)
A19: =A12 -> Fornitore Alfa – Emilia | B19: =$B$17*IF($B$17>=50000,D12,IF($B$17>=10000,C12,B12)) -> 19800 | C19: =B19-MIN($B$19:$B$21) -> 4800
A20: =A13 -> Fornitore Beta – Lombardia | B20: =$B$17*IF($B$17>=50000,D13,IF($B$17>=10000,C13,B13)) -> 18600 | C20: =B20-MIN($B$19:$B$21) -> 3600
A21: =A14 -> Fornitore Gamma – Est Europa | B21: =$B$17*IF($B$17>=50000,D14,IF($B$17>=10000,C14,B14)) -> 15000 | C21: =B21-MIN($B$19:$B$21) -> 0
A23: Lettura: Gamma è il più economico ma Alfa vince sul punteggio pesato. Il risparmio annuo di Gamma va confrontato con lead time più che doppio e difettosità tripla (rischio di fermi e resi).

Sheet Make_or_Buy
A1: Make or buy – stampa figurine
A2: Confronto tra produzione interna (costi da Scheda_Costi) e acquisto da stampatore esterno.
A4: Prezzo esterno per 1.000 figurine stampate e fustellate (€) | B4: 9.5
A5: Figurine per bustina | B5: =Distinta_Tecnica!$B$21 -> 6
A6: Quota interna variabile per bustina (solo figurine) | B6: =SUM(Scheda_Costi!E22:E26) -> 0.018573222
A7: Costi fissi interni per lavoro | B7: =Scheda_Costi!E33 -> 489.6
A8: Costo esterno per bustina (solo figurine) | B8: =B4/1000*B5 -> 0.057
A9: Tiratura di pareggio (bustine) | B9: =IF(B8>B6,B7/(B8-B6),"Esterno sempre conveniente") -> 12741.115
A11: Tiratura | B11: Costo interno (€) | C11: Costo esterno (€) | D11: Scelta
A12: 5000 | B12: =$B$7+$B$6*A12 -> 582.46611 | C12: =$B$8*A12 -> 285 | D12: =IF(B12<C12,"MAKE","BUY") -> BUY
A13: 10000 | B13: =$B$7+$B$6*A13 -> 675.33222 | C13: =$B$8*A13 -> 570 | D13: =IF(B13<C13,"MAKE","BUY") -> BUY
A14: 25000 | B14: =$B$7+$B$6*A14 -> 953.93056 | C14: =$B$8*A14 -> 1425 | D14: =IF(B14<C14,"MAKE","BUY") -> MAKE
A15: 50000 | B15: =$B$7+$B$6*A15 -> 1418.2611 | C15: =$B$8*A15 -> 2850 | D15: =IF(B15<C15,"MAKE","BUY") -> MAKE
A16: 100000 | B16: =$B$7+$B$6*A16 -> 2346.9222 | C16: =$B$8*A16 -> 5700 | D16: =IF(B16<C16,"MAKE","BUY") -> MAKE
A17: 500000 | B17: =$B$7+$B$6*A17 -> 9776.2111 | C17: =$B$8*A17 -> 28500 | D17: =IF(B17<C17,"MAKE","BUY") -> MAKE
A19: Fattori qualitativi: capacità produttiva disponibile, riservatezza sulle collezioni, tempi di reazione per ristampe, controllo qualità del colore.

Sheet Nuovo_Prodotto
A1: Studio nuovi prodotti – impatto sul costo della bustina
A2: Due varianti valutate rispetto alla bustina standard.
A4: Variante | B4: Parametro | C4: Valore | D4: Δ costo per bustina (€) | E4: Δ % sul costo variabile | F4: Nota
A5: 1. Figurina olografica | B5: Sovrapprezzo film olografico (€/m²) | C5: 0.9 | D5: =C5*0.05*0.07/C6 -> 0.000525 | E5: =D5/Scheda_Costi!$E$31 -> 0.015024356 | F5: Area figurina 5×7 cm; costo spalmato su N bustine
B6: Frequenza (1 ogni N bustine) | C6: 6
A8: 2. Bustina in carta (plastic-free) | B8: Carta barriera flessibile (€/t) | C8: 2100 | D8: =Distinta_Tecnica!$B$24*C9/1000000*C8-Scheda_Costi!E27 -> 0.00080089402 | E8: =D8/Scheda_Costi!$E$31 -> 0.022919842 | F8: Sostituisce il film BOPP; saldatura a freddo da verificare con i fornitori
B9: Grammatura (g/m²) | C9: 60
B10: Rallentamento imbustamento | C10: 0.2 | D10: =Scheda_Costi!E29*C10 -> 0.00091666667 | F10: Velocità macchina ridotta del 20%
A12: Totale variante 2 | D12: =D8+D10 -> 0.0017175607 | E12: =D12/Scheda_Costi!$E$31 -> 0.049152844
A14: Valutazione: prezzo carta barriera e sovrapprezzo olografico sono stime, da validare con richieste di offerta a 2–3 fornitori prima di una decisione.
